{
  "Version": 1,
  "ManifestType": "Publish",
  "Endpoints": [
    {
      "Route": "images/logo.2z8clv0gg2.png",
      "AssetFile": "images/logo.png",
      "Selectors": [],
      "ResponseHeaders": [
        {
          "Name": "Accept-Ranges",
          "Value": "bytes"
        },
        {
          "Name": "Cache-Control",
          "Value": "max-age=31536000, immutable"
        },
        {
          "Name": "Content-Length",
          "Value": "3659"
        },
        {
          "Name": "Content-Type",
          "Value": "image/png"
        },
        {
          "Name": "ETag",
          "Value": "\"bslIOkEy8hoAnWxVPbL210zO9sVpwaVg3vXrv4NnVyc=\""
        },
        {
          "Name": "Last-Modified",
          "Value": "Thu, 27 Feb 2025 08:55:49 GMT"
        }
      ],
      "EndpointProperties": [
        {
          "Name": "fingerprint",
          "Value": "2z8clv0gg2"
        },
        {
          "Name": "integrity",
          "Value": "sha256-bslIOkEy8hoAnWxVPbL210zO9sVpwaVg3vXrv4NnVyc="
        },
        {
          "Name": "label",
          "Value": "images/logo.png"
        }
      ]
    },
    {
      "Route": "images/logo.png",
      "AssetFile": "images/logo.png",
      "Selectors": [],
      "ResponseHeaders": [
        {
          "Name": "Accept-Ranges",
          "Value": "bytes"
        },
        {
          "Name": "Cache-Control",
          "Value": "max-age=3600, must-revalidate"
        },
        {
          "Name": "Content-Length",
          "Value": "3659"
        },
        {
          "Name": "Content-Type",
          "Value": "image/png"
        },
        {
          "Name": "ETag",
          "Value": "\"bslIOkEy8hoAnWxVPbL210zO9sVpwaVg3vXrv4NnVyc=\""
        },
        {
          "Name": "Last-Modified",
          "Value": "Thu, 27 Feb 2025 08:55:49 GMT"
        }
      ],
      "EndpointProperties": [
        {
          "Name": "integrity",
          "Value": "sha256-bslIOkEy8hoAnWxVPbL210zO9sVpwaVg3vXrv4NnVyc="
        }
      ]
    }
  ]
}